mention_id,doc_id,mention_text,gold_entity_id,gold_entity_title,entity_id,entity_title,entity_desc,is_gold,,
m1,d1,Jordan scored 30 last night.,Q41421,Michael Jordan,Q41421,Michael Jordan,American former professional basketball player who played in the NBA.,1,,
m1,d1,Jordan scored 30 last night.,Q41421,Michael Jordan,Q34090,Jordan (country),"Country in the Middle East, officially the Hashemite Kingdom of Jordan.",0,,
m2,d2,I bought some Apple shares yesterday.,Q312,Apple Inc.,Q312,Apple Inc.,American multinational technology company that designs and sells consumer electronics.,1,,
m2,d2,I bought some Apple shares yesterday.,Q312,Apple Inc.,Q89,Apple (fruit),"A sweet, edible fruit produced by an apple tree.",0,,
m3,d3,Paris is beautiful in spring.,Q90,Paris,Q90,Paris,Capital and most populous city of France.,1,,
m3,d3,Paris is beautiful in spring.,Q90,Paris,Q753,Paris (mythology),A prince in Greek mythology who abducted Helen.,0,,
m4,d4,Amazon announced a new service.,Q3884,Amazon (company),Q3884,Amazon (company),American multinational technology company focusing on e-commerce and cloud computing.,1,,
m4,d4,Amazon announced a new service.,Q3884,Amazon (company),Q33946,Amazon River,The largest river by discharge volume of water in the world.,0,,
m5,d5,Tesla is opening a new factory.,Q478214,"Tesla, Inc.",Q478214,"Tesla, Inc.",American electric vehicle and clean energy company.,1,,
m5,d5,Tesla is opening a new factory.,Q478214,"Tesla, Inc.",Q159532,Tesla (unit),A unit of magnetic flux density in the International System of Units.,0,,
m6,d6,Mercury is rising fast in this region.,E_Mercury_element,Mercury (element),E_Mercury_element,Mercury (element),"Chemical element with symbol Hg, also known as quicksilver.",1,,
m6,d6,Mercury is rising fast in this region.,E_Mercury_element,Mercury (element),E_Mercury_planet,Mercury (planet),The smallest and innermost planet in the Solar System.,0,,
m6,d6,Mercury is rising fast in this region.,E_Mercury_element,Mercury (element),E_Mercury_mythology,Mercury (mythology),"Roman god of financial gain, commerce, messages, and travelers.",0,,
m7,d7,Washington is not responding to the new proposal from Europe.,E_Washington_DC,"Washington, D.C.",E_Washington_DC,"Washington, D.C.","Capital city of the United States, located on the Potomac River.",1,,
m7,d7,Washington is not responding to the new proposal from Europe.,E_Washington_DC,"Washington, D.C.",E_Washington_State,Washington (state),State in the Pacific Northwest region of the United States.,0,,
m7,d7,Washington is not responding to the new proposal from Europe.,E_Washington_DC,"Washington, D.C.",E_George_Washington,George Washington,"First president of the United States, serving from 1789 to 1797.",0,,
m8,d8,I love programming in Python.,E_Python_language,Python (programming language),E_Python_language,Python (programming language),High-level general-purpose programming language created by Guido van Rossum.,1,,
m8,d8,I love programming in Python.,E_Python_language,Python (programming language),E_Python_snake,Python (genus),"Genus of constricting snakes found in Africa, Asia, and Australia.",0,,
m8,d8,I love programming in Python.,E_Python_language,Python (programming language),E_Monty_Python,Monty Python,British surreal comedy group best known for the television show 'Monty Python's Flying Circus'.,0,,
m9,d9,Jaguar is launching a new electric SUV next year.,E_Jaguar_Car,Jaguar Cars,E_Jaguar_Car,Jaguar Cars,"Luxury vehicle brand of Jaguar Land Rover, a British multinational car manufacturer.",1,,
m9,d9,Jaguar is launching a new electric SUV next year.,E_Jaguar_Car,Jaguar Cars,E_Jaguar_Animal,Jaguar,Large cat species native to the Americas.,0,,
m10,d10,I waited at the bank near the river.,E_River_Bank,River bank,E_River_Bank,River bank,The land alongside or sloping down to a river or lake.,1,,
m10,d10,I waited at the bank near the river.,E_River_Bank,River bank,E_Bank_Financial,Bank,Financial institution that accepts deposits and lends money.,0,,
m11,d11,I visited Cambridge last summer.,E_Cambridge_UK,"Cambridge, England",E_Cambridge_UK,"Cambridge, England","University city and the county town of Cambridgeshire, England.",1,,
m11,d11,I visited Cambridge last summer.,E_Cambridge_UK,"Cambridge, England",E_Cambridge_US,"Cambridge, Massachusetts","City in Middlesex County, Massachusetts, part of the Boston metropolitan area.",0,,
m12,d12,He plays for Real this season.,E_Real_Madrid,Real Madrid CF,E_Real_Madrid,Real Madrid CF,Spanish professional football club based in Madrid.,1,,
m12,d12,He plays for Real this season.,E_Real_Madrid,Real Madrid CF,E_Real_Sociedad,Real Sociedad,"Spanish professional football club based in San Sebastián, Basque Country.",0,,
m12,d12,He plays for Real this season.,E_Real_Madrid,Real Madrid CF,E_Real_Salt_Lake,Real Salt Lake,American professional soccer club based in the Salt Lake City area.,0,,