[
  {
    "mention_id": "m1",
    "doc_id": "d1",
    "mention_text": "Jordan scored 30 last night.",
    "gold_entity_id": "Q41421",
    "gold_entity_title": "Michael Jordan",
    "candidates": [
      {
        "entity_id": "Q41421",
        "entity_title": "Michael Jordan",
        "entity_desc": "American former professional basketball player who played in the NBA.",
        "label": 1
      },
      {
        "entity_id": "Q34090",
        "entity_title": "Jordan (country)",
        "entity_desc": "Country in the Middle East, officially the Hashemite Kingdom of Jordan.",
        "label": 0
      }
    ]
  },
  {
    "mention_id": "m2",
    "doc_id": "d2",
    "mention_text": "I bought some Apple shares yesterday.",
    "gold_entity_id": "Q312",
    "gold_entity_title": "Apple Inc.",
    "candidates": [
      {
        "entity_id": "Q312",
        "entity_title": "Apple Inc.",
        "entity_desc": "American multinational technology company that designs and sells consumer electronics.",
        "label": 1
      },
      {
        "entity_id": "Q89",
        "entity_title": "Apple (fruit)",
        "entity_desc": "A sweet, edible fruit produced by an apple tree.",
        "label": 0
      }
    ]
  },
  {
    "mention_id": "m3",
    "doc_id": "d3",
    "mention_text": "Paris is beautiful in spring.",
    "gold_entity_id": "Q90",
    "gold_entity_title": "Paris",
    "candidates": [
      {
        "entity_id": "Q90",
        "entity_title": "Paris",
        "entity_desc": "Capital and most populous city of France.",
        "label": 1
      },
      {
        "entity_id": "Q753",
        "entity_title": "Paris (mythology)",
        "entity_desc": "A prince in Greek mythology who abducted Helen.",
        "label": 0
      }
    ]
  },
  {
    "mention_id": "m4",
    "doc_id": "d4",
    "mention_text": "Amazon announced a new service.",
    "gold_entity_id": "Q3884",
    "gold_entity_title": "Amazon (company)",
    "candidates": [
      {
        "entity_id": "Q3884",
        "entity_title": "Amazon (company)",
        "entity_desc": "American multinational technology company focusing on e-commerce and cloud computing.",
        "label": 1
      },
      {
        "entity_id": "Q33946",
        "entity_title": "Amazon River",
        "entity_desc": "The largest river by discharge volume of water in the world.",
        "label": 0
      }
    ]
  },
  {
    "mention_id": "m5",
    "doc_id": "d5",
    "mention_text": "Tesla is opening a new factory.",
    "gold_entity_id": "Q478214",
    "gold_entity_title": "Tesla, Inc.",
    "candidates": [
      {
        "entity_id": "Q478214",
        "entity_title": "Tesla, Inc.",
        "entity_desc": "American electric vehicle and clean energy company.",
        "label": 1
      },
      {
        "entity_id": "Q159532",
        "entity_title": "Tesla (unit)",
        "entity_desc": "A unit of magnetic flux density in the International System of Units.",
        "label": 0
      }
    ]
  },
  {
    "mention_id": "m6",
    "doc_id": "d6",
    "mention_text": "Mercury is rising fast in this region.",
    "gold_entity_id": "E_Mercury_element",
    "gold_entity_title": "Mercury (element)",
    "candidates": [
      {
        "entity_id": "E_Mercury_element",
        "entity_title": "Mercury (element)",
        "entity_desc": "Chemical element with symbol Hg, also known as quicksilver.",
        "label": 1
      },
      {
        "entity_id": "E_Mercury_planet",
        "entity_title": "Mercury (planet)",
        "entity_desc": "The smallest and innermost planet in the Solar System.",
        "label": 0
      },
      {
        "entity_id": "E_Mercury_mythology",
        "entity_title": "Mercury (mythology)",
        "entity_desc": "Roman god of financial gain, commerce, messages, and travelers.",
        "label": 0
      }
    ]
  },
  {
    "mention_id": "m7",
    "doc_id": "d7",
    "mention_text": "Washington is not responding to the new proposal from Europe.",
    "gold_entity_id": "E_Washington_DC",
    "gold_entity_title": "Washington, D.C.",
    "candidates": [
      {
        "entity_id": "E_Washington_DC",
        "entity_title": "Washington, D.C.",
        "entity_desc": "Capital city of the United States, located on the Potomac River.",
        "label": 1
      },
      {
        "entity_id": "E_Washington_State",
        "entity_title": "Washington (state)",
        "entity_desc": "State in the Pacific Northwest region of the United States.",
        "label": 0
      },
      {
        "entity_id": "E_George_Washington",
        "entity_title": "George Washington",
        "entity_desc": "First president of the United States, serving from 1789 to 1797.",
        "label": 0
      }
    ]
  },
  {
    "mention_id": "m8",
    "doc_id": "d8",
    "mention_text": "I love programming in Python.",
    "gold_entity_id": "E_Python_language",
    "gold_entity_title": "Python (programming language)",
    "candidates": [
      {
        "entity_id": "E_Python_language",
        "entity_title": "Python (programming language)",
        "entity_desc": "High-level general-purpose programming language created by Guido van Rossum.",
        "label": 1
      },
      {
        "entity_id": "E_Python_snake",
        "entity_title": "Python (genus)",
        "entity_desc": "Genus of constricting snakes found in Africa, Asia, and Australia.",
        "label": 0
      },
      {
        "entity_id": "E_Monty_Python",
        "entity_title": "Monty Python",
        "entity_desc": "British surreal comedy group best known for the television show 'Monty Python's Flying Circus'.",
        "label": 0
      }
    ]
  },
  {
    "mention_id": "m9",
    "doc_id": "d9",
    "mention_text": "Jaguar is launching a new electric SUV next year.",
    "gold_entity_id": "E_Jaguar_Car",
    "gold_entity_title": "Jaguar Cars",
    "candidates": [
      {
        "entity_id": "E_Jaguar_Car",
        "entity_title": "Jaguar Cars",
        "entity_desc": "Luxury vehicle brand of Jaguar Land Rover, a British multinational car manufacturer.",
        "label": 1
      },
      {
        "entity_id": "E_Jaguar_Animal",
        "entity_title": "Jaguar",
        "entity_desc": "Large cat species native to the Americas.",
        "label": 0
      }
    ]
  },
  {
    "mention_id": "m10",
    "doc_id": "d10",
    "mention_text": "I waited at the bank near the river.",
    "gold_entity_id": "E_River_Bank",
    "gold_entity_title": "River bank",
    "candidates": [
      {
        "entity_id": "E_River_Bank",
        "entity_title": "River bank",
        "entity_desc": "The land alongside or sloping down to a river or lake.",
        "label": 1
      },
      {
        "entity_id": "E_Bank_Financial",
        "entity_title": "Bank",
        "entity_desc": "Financial institution that accepts deposits and lends money.",
        "label": 0
      }
    ]
  },
  {
    "mention_id": "m11",
    "doc_id": "d11",
    "mention_text": "I visited Cambridge last summer.",
    "gold_entity_id": "E_Cambridge_UK",
    "gold_entity_title": "Cambridge, England",
    "candidates": [
      {
        "entity_id": "E_Cambridge_UK",
        "entity_title": "Cambridge, England",
        "entity_desc": "University city and the county town of Cambridgeshire, England.",
        "label": 1
      },
      {
        "entity_id": "E_Cambridge_US",
        "entity_title": "Cambridge, Massachusetts",
        "entity_desc": "City in Middlesex County, Massachusetts, part of the Boston metropolitan area.",
        "label": 0
      }
    ]
  },
  {
    "mention_id": "m12",
    "doc_id": "d12",
    "mention_text": "He plays for Real this season.",
    "gold_entity_id": "E_Real_Madrid",
    "gold_entity_title": "Real Madrid CF",
    "candidates": [
      {
        "entity_id": "E_Real_Madrid",
        "entity_title": "Real Madrid CF",
        "entity_desc": "Spanish professional football club based in Madrid.",
        "label": 1
      },
      {
        "entity_id": "E_Real_Sociedad",
        "entity_title": "Real Sociedad",
        "entity_desc": "Spanish professional football club based in San Sebastián, Basque Country.",
        "label": 0
      },
      {
        "entity_id": "E_Real_Salt_Lake",
        "entity_title": "Real Salt Lake",
        "entity_desc": "American professional soccer club based in the Salt Lake City area.",
        "label": 0
      }
    ]
  }
]